<?xml version="1.0" encoding="UTF-8"?>
<Sequence Id="Test-001" NumberOfSlides="4" Orientation="Landscape" xmlns="urn:param-schema">
    <Links>
        <Link SequenceId="Test-002"></Link>
        <Link SequenceId="Test-003"></Link>
        <Link SequenceId="Test-004"></Link>
    </Links>
    <CallDialog>
        <Questions>
            <Question id="Q101" text="How do you judge the level of information provided?" type="RAD">
                <Responses>
                    <Response id="R201" text="Disatisfied" />
                    <Response id="R202" text="Neutral" />
                    <Response id="R203" text="Satisfied" />
                    <Response id="R204" text="Very satisfied"/>
                </Responses>
            </Question>
            <Question id="Q102" text="Do you like our presentation" type="TEXT">
                <Responses>
                    <Response id="R205" text="Yes"/>
                    <Response id="R206" text="No"/>
                </Responses>
            </Question>
            <Question id="Q103" text="What is our greatest asset?" type="DROP">
                <Responses>
                    <Response id="R207" text="First" />
                    <Response id="R208" text="Second" />
                    <Response id="R209" text="Thirth" />
                    <Response id="R210" text="Fourth"/>
                </Responses>
            </Question>
            <Question id="Q104" text="What is our greatest defect?" type="RAD">
                <Responses>
                    <Response id="R211" text="First" />
                    <Response id="R212" text="Second" />
                    <Response id="R213" text="Thirth" />
                    <Response id="R214" text="Fourth"/>
                </Responses>
            </Question>
        </Questions>
    </CallDialog>
</Sequence>